Customer_ID,Customer_Name,Gender,City,State,Connector Type,,,,
CUST0001,Arun Nair,Male,Edappally ,Kerala,CCS (Type 2),,,,
CUST0002,Anjali Nair,Female,Edappally,Kerala,CCS (Type 2),,,,
CUST0003,Akhil Nair,Male,Choornikkara,Kerala,CCS (Type 2),,,,
CUST0004,Amritha Nair,Female,Nedumbassery ,Kerala,CCS (Type 2),,,,
CUST0005,Anand Nair,Male,Nedumbassery,Kerala,CCS (Type 2),,,,
CUST0006,Aparna Nair,Female,Kariyad,Kerala,CCS (Type 2),,,,
CUST0007,Ajith Nair,Male,Angamaly,Kerala,CCS (Type 2),,,,
CUST0008,Archana Nair,Female,Kodungallur,Kerala,CCS (Type 2),,,,
CUST0009,Amal Nair,Male,Palakkad,Kerala,CCS (Type 2),,,,
CUST0010,Athira Nair,Female,Palakkad,Kerala,CHAdeMO,,,,
CUST0011,Adarsh Nair,Male,Koppam,Kerala,CCS (Type 2),,,,
CUST0012,Aishwarya Nair,Female,Amballur,Kerala,CCS (Type 2),,,,
CUST0013,Abhinav Nair,Male,Thrissur,Kerala,CCS (Type 2),,,,
CUST0014,Anagha Nair,Female,Thrissur,Kerala,CCS (Type 2),,,,
CUST0015,Anoop Nair,Male,Thrissur,Kerala,CCS (Type 2),,,,
CUST0016,Aswathy Nair,Female,Thrissur,Kerala,CCS (Type 2),,,,
CUST0017,Aswin Nair,Male,Guruvayur,Kerala,CCS (Type 2),,,,
CUST0018,Bhavana Nair,Female,Guruvayur,Kerala,Type 2 (Tethered Connector) ,,,,
CUST0019,Basil Nair,Male,Shirdi ,Maharashtra,CCS (Type 2),,,,
CUST0020,Devika Nair,Female,Perinthalmanna,Kerala,CCS (Type 2),,,,
CUST0021,Biju Nair,Male,Perinthalmanna,Kerala,CCS (Type 2),,,,
CUST0022,Diya Nair,Female,Valanchery,Kerala,CCS (Type 2),,,,
CUST0023,Dileep Nair,Male,Tirur,Kerala,CCS (Type 2),,,,
CUST0024,Divya Nair,Female,Malappuram,Kerala,CCS (Type 2),,,,
CUST0025,Deepak Nair,Male,Malappuram,Kerala,CCS (Type 2),,,,
CUST0026,Fathima Nair,Female,Manjeri,Kerala,CCS (Type 2),,,,
CUST0027,Faisal Nair,Male,Manjeri,Kerala,Type 2 (Tethered Connector) ,,,,
CUST0028,Gauri Nair,Female,Edavanna,Kerala,CCS (Type 2),,,,
CUST0029,Gokul Nair,Male,Wandoor,Kerala,CCS (Type 2),,,,
CUST0030,Gayathri Nair,Female,Wandoor,Kerala,CCS (Type 2),,,,
CUST0031,Hari Nair,Male,Kondotty,Kerala,CCS (Type 2),,,,
CUST0032,Geethu Nair,Female,Kozhikode,Kerala,CCS (Type 2),,,,
CUST0033,Jithin Nair,Male,Kozhikode,Kerala,CCS (Type 2),,,,
CUST0034,Hanna Nair,Female,Meenchanda,Kerala,CCS (Type 2),,,,
CUST0035,Joel Nair,Male,Kozhikode,Kerala,CCS (Type 2),,,,
CUST0036,Haritha Nair,Female,Kozhikode,Kerala,CCS (Type 2),,,,
CUST0037,Kiran Nair,Male,Kozhikode,Kerala,GB-T DC - GB/T 20234.3,,,,
CUST0038,Isha Nair,Female,Kozhikode,Kerala,Type 2 (Tethered Connector) ,,,,
CUST0039,Krishna Nair,Male,Kozhikode,Kerala,CCS (Type 2),,,,
CUST0040,Jasmin Nair,Female,Kozhikode,Kerala,Type 2 (Tethered Connector) ,,,,
CUST0041,Manu Nair,Male,Kozhikode,Kerala,CCS (Type 2),,,,
CUST0042,Kavya Nair,Female,Kozhikode,Kerala,Type 2 (Tethered Connector) ,,,,
CUST0043,Midhun Nair,Male,Engapuzha,Kerala,CCS (Type 2),,,,
CUST0044,Keerthana Nair,Female,Sulthan Bathery,Kerala,CCS (Type 2),,,,
CUST0045,Nikhil Nair,Male,Meenangadi,Kerala,CCS (Type 2),,,,
CUST0046,Lekshmi Nair,Female,Kalpetta,Kerala,CCS (Type 2),,,,
CUST0047,Nithin Menon,Male,Padinjarathara,Kerala,CCS (Type 2),,,,
CUST0048,Manju Menon,Female,Padinjarathara,Kerala,Type 2 (Tethered Connector) ,,,,
CUST0049,Pranav Menon,Male,Thalassery,Kerala,CCS (Type 2),,,,
CUST0050,Meera Menon,Female,Thazhe Chovva,Kerala,CCS (Type 2),,,,
CUST0051,Rahul Menon,Male,Iritty,Kerala,CCS (Type 2),,,,
CUST0052,Miya Menon,Female,Nadal,Kerala,CCS (Type 2),,,,
CUST0053,Rajesh Menon,Male,Nadal,Kerala,CHAdeMO,,,,
CUST0054,Nandana Menon,Female,Kannur ,Kerala,CCS (Type 2),,,,
CUST0055,Rakesh Menon,Male,Payyanur,Kerala,CCS (Type 2),,,,
CUST0056,Navya Menon,Female,Payyannur,Kerala,CCS (Type 2),,,,
CUST0057,Ranjith Menon,Male,Bekkal,Kerala,Type 2 (Tethered Connector) ,,,,
CUST0058,Neha Menon,Female,Kasaragod,Kerala,CCS (Type 2),,,,
CUST0059,Ratheesh Menon,Male,Kasaragod,Kerala,CCS (Type 2),,,,
CUST0060,Nimisha Menon,Female,Thiruvananthapuram ,Kerala,CCS (Type 2),,,,
CUST0061,Rohit Menon,Male,Thiruvananthapuram ,Kerala,CEE 3 Pin,,,,
CUST0062,Parvathy Menon,Female,Neyyattinkara,Kerala,CCS (Type 2),,,,
CUST0063,Sandeep Menon,Male,Neyyattinkara,Kerala,CEE 3 Pin,,,,
CUST0064,Pooja Menon,Female,Thiruvananthapuram ,Kerala,CCS (Type 2),,,,
CUST0065,Santhosh Menon,Male,Thiruvananthapuram ,Kerala,CCS (Type 2),,,,
CUST0066,Priya Menon,Female,Thiruvananthapuram ,Kerala,CCS (Type 2),,,,
CUST0067,Shane Menon,Male,Thiruvananthapuram ,Kerala,Type 2 (Tethered Connector) ,,,,
CUST0068,Radhika Menon,Female,Thiruvananthapuram ,Kerala,CEE 3 Pin,,,,
CUST0069,Shyam Menon,Male,Thiruvananthapuram ,Kerala,Type 2 (Tethered Connector) ,,,,
CUST0070,Remya Menon,Female,Thiruvananthapuram ,Kerala,CEE 3 Pin,,,,
CUST0071,Sreejith Menon,Male,Karette,Kerala,CCS (Type 2),,,,
CUST0072,Reshma Menon,Female,Karette,Kerala,CCS (Type 2),,,,
CUST0073,Sreeram Menon,Male,Attingal,Kerala,CCS (Type 2),,,,
CUST0074,Riya Menon,Female,Attingal,Kerala,CEE 3 Pin,,,,
CUST0075,Sujith Menon,Male,Attingal,Kerala,CCS (Type 2),,,,
CUST0076,Saniya Menon,Female,Chadayamangalam,Kerala,CCS (Type 2),,,,
CUST0077,Suresh Menon,Male,Chadayamangalam,Kerala,CEE 3 Pin,,,,
CUST0078,Shalini Menon,Female,Varkala,Kerala,CCS (Type 2),,,,
CUST0079,Vishnu Menon,Male,Varkala,Kerala,CEE 3 Pin,,,,
CUST0080,Shreya Menon,Female,Kottarakkara,Kerala,CCS (Type 2),,,,
CUST0081,Vivek Menon,Male,Kottarakkara,Kerala,CEE 3 Pin,,,,
CUST0082,Sneha Menon,Female,Kundara,Kerala,CCS (Type 2),,,,
CUST0083,Vijay Menon,Male,Kundara,Kerala,CEE 3 Pin,,,,
CUST0084,Sreelakshmi Menon,Female,Pathanapuram,Kerala,CCS (Type 2),,,,
CUST0085,Abhishek Menon,Male,Pathanapuram,Kerala,CEE 3 Pin,,,,
CUST0086,Swathi Menon,Female,Puthoor,Kerala,CCS (Type 2),,,,
CUST0087,Ajesh Menon,Male,Puthoor,Kerala,CEE 3 Pin,,,,
CUST0088,Vaishnavi Menon,Female,Inchakkad,Kerala,CCS (Type 2),,,,
CUST0089,Anoop Menon,Male,Inchakkad,Kerala,CCS (Type 2),,,,
CUST0090,Varsha Menon,Female,Inchakkad,Kerala,CEE 3 Pin,,,,
CUST0091,Dhanesh Menon,Male,Adoor,Kerala,CCS (Type 2),,,,
CUST0092,Veena Menon,Female,Adoor,Kerala,CEE 3 Pin,,,,
CUST0093,Arun Pillai,Male,Adoor,Kerala,CCS (Type 2),,,,
CUST0094,Anjali Pillai,Female,Adoor,Kerala,CCS (Type 2),,,,
CUST0095,Akhil Pillai,Male,Adoor,Kerala,CEE 3 Pin,,,,
CUST0096,Amritha Pillai,Female,Kayamkulam,Kerala,CCS (Type 2),,,,
CUST0097,Anand Pillai,Male,Kayamkulam,Kerala,CEE 3 Pin,,,,
CUST0098,Aparna Pillai,Female,Karunagappalli,Kerala,CCS (Type 2),,,,
CUST0099,Ajith Pillai,Male,Kayamkulam,Kerala,CCS (Type 2),,,,
CUST0100,Archana Pillai,Female,Kayamkulam,Kerala,Type 2 (Tethered Connector) ,,,,
CUST0101,Amal Pillai,Male,Kayamkulam,Kerala,CEE 3 Pin,,,,
CUST0102,Athira Pillai,Female,Haripad,Kerala,CCS (Type 2),,,,
CUST0103,Adarsh Pillai,Male,Haripad,Kerala,CEE 3 Pin,,,,
CUST0104,Aishwarya Pillai,Female,Omallor,Kerala,CCS (Type 2),,,,
CUST0105,Abhinav Pillai,Male,Omallor,Kerala,CEE 3 Pin,,,,
CUST0106,Anagha Pillai,Female,Pathanamthitta,Kerala,CCS (Type 2),,,,
CUST0107,Anoop Pillai,Male,Chengannur,Kerala,CCS (Type 2),,,,
CUST0108,Aswathy Pillai,Female,Chengannur,Kerala,CCS (Type 2),,,,
CUST0109,Aswin Pillai,Male,Chengannur,Kerala,CEE 3 Pin,,,,
CUST0110,Bhavana Pillai,Female,Chengannur,Kerala,CCS (Type 2),,,,
CUST0111,Basil Pillai,Male,Chengannur,Kerala,CEE 3 Pin,,,,
CUST0112,Devika Pillai,Female,Changanassery,Kerala,CCS (Type 2),,,,
CUST0113,Biju Pillai,Male,Changanassery,Kerala,CEE 3 Pin,,,,
CUST0114,Diya Pillai,Female,Alliyar,Kerala,CCS (Type 2),,,,
CUST0115,Dileep Pillai,Male,Kattappana,Kerala,CCS (Type 2),,,,
CUST0116,Divya Pillai,Female,Idukki,Kerala,CCS (Type 2),,,,
CUST0117,Deepak Pillai,Male,Idukki,Kerala,CEE 3 Pin,,,,
CUST0118,Fathima Pillai,Female,Kumali,Kerala,CCS (Type 2),,,,
CUST0119,Faisal Pillai,Male,Kumali,Kerala,CCS (Type 2),,,,
CUST0120,Gauri Pillai,Female,Kuttikkanam,Kerala,CCS (Type 2),,,,
CUST0121,Gokul Pillai,Male,Kuttikkanam,Kerala,CEE 3 Pin,,,,
CUST0122,Gayathri Pillai,Female,Kodungoor,Kerala,CCS (Type 2),,,,
CUST0123,Hari Pillai,Male,Ponkunnam,Kerala,CCS (Type 2),,,,
CUST0124,Geethu Pillai,Female,Ponkunnam,Kerala,CEE 3 Pin,,,,
CUST0125,Jithin Pillai,Male,Anthikkad,Kerala,CCS (Type 2),,,,
CUST0126,Hanna Pillai,Female,Kidangoor,Kerala,CCS (Type 2),,,,
CUST0127,Joel Pillai,Male,Ettumanoor,Kerala,CCS (Type 2),,,,
CUST0128,Haritha Pillai,Female,Ettumanoor,Kerala,CEE 3 Pin,,,,
CUST0129,Kiran Pillai,Male,Kuravilangad,Kerala,CCS (Type 2),,,,
CUST0130,Isha Pillai,Female,Kuravilangad,Kerala,CEE 3 Pin,,,,
CUST0131,Krishna Pillai,Male,Manjoor,Kerala,CCS (Type 2),,,,
CUST0132,Jasmin Pillai,Female,Neendoor,Kerala,CCS (Type 2),,,,
CUST0133,Manu Pillai,Male,Neendoor,Kerala,CEE 3 Pin,,,,
CUST0134,Kavya Pillai,Female,Kottayam ,Kerala,CCS (Type 2),,,,
CUST0135,Midhun Pillai,Male,Kottayam,Kerala,CCS (Type 2),,,,
CUST0136,Keerthana Pillai,Female,Alappuzha,Kerala,CCS (Type 2),,,,
CUST0137,Nikhil Pillai,Male,Alappuzha,Kerala,CEE 3 Pin,,,,
CUST0138,Lekshmi Pillai,Female,Alappuzha,Kerala,CCS (Type 2),,,,
CUST0139,Nithin Kurup,Male,Alappuzha,Kerala,CCS (Type 2),,,,
CUST0140,Manju Kurup,Female,Cherthala,Kerala,CCS (Type 2),,,,
CUST0141,Pranav Kurup,Male,Cherthala,Kerala,CEE 3 Pin,,,,
CUST0142,Meera Kurup,Female,Kanjiramattom,Kerala,CCS (Type 2),,,,
CUST0143,Rahul Kurup,Male,Thrippunithura,Kerala,CCS (Type 2),,,,
CUST0144,Miya Kurup,Female,Thrippunithura,Kerala,CCS (Type 2),,,,
CUST0145,Rajesh Kurup,Male,Thrippunithura,Kerala,CCS (Type 2),,,,
CUST0146,Nandana Kurup,Female,Thrippunithura,Kerala,CEE 3 Pin,,,,
CUST0147,Rakesh Kurup,Male,Maradu,Kerala,CCS (Type 2),,,,
CUST0148,Navya Kurup,Female,Kadavanthra,Kerala,CCS (Type 2),,,,
CUST0149,Ranjith Kurup,Male,Kadavanthra,Kerala,CEE 3 Pin,,,,
CUST0150,Neha Kurup,Female,Ernakulam,Kerala,CCS (Type 2),,,,
CUST0151,Ratheesh Kurup,Male,Ernakulam,Kerala,CEE 3 Pin,,,,
CUST0152,Nimisha Kurup,Female,Palarivattom,Kerala,CCS (Type 2),,,,
CUST0153,Rohit Kurup,Male,Palarivattom,Kerala,CCS (Type 2),,,,
CUST0154,Parvathy Kurup,Female,Kakkanad,Kerala,CCS (Type 2),,,,
CUST0155,Sandeep Kurup,Male,Kakkanad,Kerala,CEE 3 Pin,,,,
CUST0156,Pooja Kurup,Female,Thrikkakkara,Kerala,CCS (Type 2),,,,
CUST0157,Santhosh Kurup,Male,Edapally,Kerala,CCS (Type 2),,,,
CUST0158,Priya Kurup,Female,Edapally,Kerala,Type 2 (Tethered Connector) ,,,,
CUST0159,Shane Kurup,Male,Edapally,Kerala,CEE 3 Pin,,,,
CUST0160,Radhika Kurup,Female,Edapally,Kerala,CCS (Type 2),,,,
CUST0161,Shyam Kurup,Male,Edapally,Kerala,CCS (Type 2),,,,
CUST0162,Remya Kurup,Female,Edapally,Kerala,CCS (Type 2),,,,
CUST0163,Sreejith Kurup,Male,Edapally,Kerala,CEE 3 Pin,,,,
CUST0164,Reshma Kurup,Female,Neriyamangalam,Kerala,CEE 3 Pin,,,,
CUST0165,Sreeram Kurup,Male,Perumbavoor ,Kerala,CCS (Type 2),,,,
CUST0166,Riya Kurup,Female,Perumbavoor ,Kerala,CCS (Type 2),,,,
CUST0167,Sujith Kurup,Male,Perumbavoor ,Kerala,CEE 3 Pin,,,,
CUST0168,Saniya Kurup,Female,Perumbavoor,Kerala,CCS (Type 2),,,,
CUST0169,Suresh Kurup,Male,Perumbavoor,Kerala,CEE 3 Pin,,,,
CUST0170,Shalini Kurup,Female,Aluva,Kerala,CCS (Type 2),,,,
CUST0171,Vishnu Kurup,Male,Athani,Kerala,CCS (Type 2),,,,
CUST0172,Shreya Kurup,Female,Athani,Kerala,CCS (Type 2),,,,
CUST0173,Vivek Kurup,Male,Angamaly,Kerala,CCS (Type 2),,,,
CUST0174,Sneha Kurup,Female,Varappuzha,Kerala,CCS (Type 2),,,,
CUST0175,Vijay Kurup,Male,North Paravur,Kerala,CCS (Type 2),,,,
CUST0176,Sreelakshmi Kurup,Female,Koratty,Kerala,CCS (Type 2),,,,
CUST0177,Abhishek Kurup,Male,Mala,Kerala,CCS (Type 2),,,,
CUST0178,Swathi Kurup,Female,Kodungallur,Kerala,CCS (Type 2),,,,
CUST0179,Ajesh Kurup,Male,Kodungallur,Kerala,CEE 3 Pin,,,,
CUST0180,Vaishnavi Kurup,Female,Kodungallur,Kerala,CCS (Type 2),,,,
CUST0181,Anoop Kurup,Male,Kodungallur,Kerala,CEE 3 Pin,,,,
CUST0182,Varsha Kurup,Female,Thrissur,Kerala,CCS (Type 2),,,,
CUST0183,Dhanesh Kurup,Male,Thrissur,Kerala,CCS (Type 2),,,,
CUST0184,Veena Kurup,Female,Thrissur,Kerala,CEE 3 Pin,,,,
CUST0185,Arun Panicker,Male,Thrissur,Kerala,CCS (Type 2),,,,
CUST0186,Anjali Panicker,Female,Thrissur,Kerala,CCS (Type 2),,,,
CUST0187,Akhil Panicker,Male,Thrissur,Kerala,CCS (Type 2),,,,
CUST0188,Amritha Panicker,Female,Thrissur,Kerala,Type 2 (Tethered Connector) ,,,,
CUST0189,Anand Panicker,Male,Peramangalam,Kerala,CCS (Type 2),,,,
CUST0190,Aparna Panicker,Female,Peramangalam,Kerala,CEE 3 Pin,,,,
CUST0191,Ajith Panicker,Male,Vadanappalli,Kerala,CCS (Type 2),,,,
CUST0192,Archana Panicker,Female,Vadanappilly,Kerala,CCS (Type 2),,,,
CUST0193,Amal Panicker,Male,Guruvayoor,Kerala,CEE 3 Pin,,,,
CUST0194,Athira Panicker,Female,Elappully,Kerala,Type 2 (Tethered Connector) ,,,,
CUST0195,Adarsh Panicker,Male,Elappully,Kerala,CEE 3 Pin,,,,
CUST0196,Aishwarya Panicker,Female,Elappully,Kerala,Type 2 (Tethered Connector) ,,,,
CUST0197,Abhinav Panicker,Male,Elappully,Kerala,CEE 3 Pin,,,,
CUST0198,Anagha Panicker,Female,Elappully,Kerala,Type 2 (Tethered Connector) ,,,,
CUST0199,Anoop Panicker,Male,Elappully,Kerala,CEE 3 Pin,,,,
CUST0200,Aswathy Panicker,Female,Walayar,Kerala,CCS (Type 2),,,,
CUST0201,Aswin Panicker,Male,Walayar,Kerala,CCS (Type 2),,,,
CUST0202,Bhavana Panicker,Female,Palakkad,Kerala,CCS (Type 2),,,,
CUST0203,Basil Panicker,Male,Palakkad,Kerala,Type 2 (Tethered Connector) ,,,,
CUST0204,Devika Panicker,Female,Alathur,Kerala,CCS (Type 2),,,,
CUST0205,Biju Panicker,Male,Alathur,Kerala,CEE 3 Pin,,,,
CUST0206,Diya Panicker,Female,Alathur,Kerala,Type 2 (Tethered Connector) ,,,,
CUST0207,Dileep Panicker,Male,Alathur,Kerala,CEE 3 Pin,,,,
CUST0208,Divya Panicker,Female,Vadakkencherry,Kerala,CCS (Type 2),,,,
CUST0209,Deepak Panicker,Male,Thiruvilwamala,Kerala,CCS (Type 2),,,,
CUST0210,Fathima Panicker,Female,Thiruvilwamala,Kerala,CEE 3 Pin,,,,
CUST0211,Faisal Panicker,Male,Thirissur,Kerala,CCS (Type 2),,,,
CUST0212,Gauri Panicker,Female,Thirissur,Kerala,Type 2 (Tethered Connector) ,,,,
CUST0213,Gokul Panicker,Male,Thirissur,Kerala,CEE 3 Pin,,,,
CUST0214,Gayathri Panicker,Female,Cheruthuruthi,Kerala,CCS (Type 2),,,,
CUST0215,Hari Panicker,Male,Pattambi,Kerala,CCS (Type 2),,,,
CUST0216,Geethu Panicker,Female,Pattambi,Kerala,CCS (Type 2),,,,
CUST0217,Jithin Panicker,Male,Pattambi,Kerala,CEE 3 Pin,,,,
CUST0218,Hanna Panicker,Female,Nhangattiri,Kerala,CCS (Type 2),,,,
CUST0219,Joel Panicker,Male,Mannarkkad,Kerala,CCS (Type 2),,,,
CUST0220,Haritha Panicker,Female,Mannarkkad,Kerala,CEE 3 Pin,,,,
CUST0221,Kiran Panicker,Male,Perinthalmanna,Kerala,CCS (Type 2),,,,
CUST0222,Isha Panicker,Female,Perinthalmanna,Kerala,CEE 3 Pin,,,,
CUST0223,Krishna Panicker,Male,Valanchery,Kerala,CCS (Type 2),,,,
CUST0224,Jasmin Panicker,Female,Valanchery,Kerala,CEE 3 Pin,,,,
CUST0225,Manu Panicker,Male,Edappal,Kerala,CCS (Type 2),,,,
CUST0226,Kavya Panicker,Female,Pandikkad,Kerala,CCS (Type 2),,,,
CUST0227,Midhun Panicker,Male,Karulai,Kerala,CCS (Type 2),,,,
CUST0228,Keerthana Panicker,Female,Nilambur,Kerala,CCS (Type 2),,,,
CUST0229,Nikhil Panicker,Male,Nilambur,Kerala,CCS (Type 2),,,,
CUST0230,Lekshmi Panicker,Female,Manjeri,Kerala,CCS (Type 2),,,,
CUST0231,Nithin Warrier,Male,Manjeri,Kerala,CEE 3 Pin,,,,
CUST0232,Manju Warrier,Female,Malappuram,Kerala,CCS (Type 2),,,,
CUST0233,Pranav Warrier,Male,Venniyour,Kerala,CCS (Type 2),,,,
CUST0234,Meera Warrier,Female,Malappuram,Kerala,CCS (Type 2),,,,
CUST0235,Rahul Warrier,Male,Kozhikode,Keral,CCS (Type 2),,,,
CUST0236,Miya Warrier,Female,Muthanga,Kerala,CCS (Type 2),,,,
CUST0237,Rajesh Warrier,Male,Kalpetta,Kerala,CCS (Type 2),,,,
CUST0238,Nandana Warrier,Female,Lakkidi,Kerala,CCS (Type 2),,,,
CUST0239,Rakesh Warrier,Male,Mukkom,Kerala,CCS (Type 2),,,,
CUST0240,Navya Warrier,Female,Thamarassery,Kerala,CCS (Type 2),,,,
CUST0241,Ranjith Warrier,Male,Kozhikode,Kerala,CCS (Type 2),,,,
CUST0242,Neha Warrier,Female,Kozhikode,Kerala,CEE 3 Pin,,,,
CUST0243,Ratheesh Warrier,Male,Kozhikode,Kerala,CCS (Type 2),,,,
CUST0244,Nimisha Warrier,Female,Kozhikode,Kerala,CCS (Type 2),,,,
CUST0245,Rohit Warrier,Male,Kozhikode,Kerala,CEE 3 Pin,,,,
CUST0246,Parvathy Warrier,Female,Kannur,Kerala,CEE 3 Pin,,,,
CUST0247,Sandeep Warrier,Male,Mambaram,Kerala,CCS (Type 2),,,,
CUST0248,Pooja Warrier,Female,Mambaram,Kerala,CEE 3 Pin,,,,
CUST0249,Santhosh Warrier,Male,Melechowa,Kerala,CCS (Type 2),,,,
CUST0250,Priya Warrier,Female,Kannur,Kerala,CCS (Type 2),,,,
CUST0251,Shane Warrier,Male,Payyannur,Kerala,CCS (Type 2),,,,
CUST0252,Radhika Warrier,Female,Payyannur,Kerala,CEE 3 Pin,,,,
CUST0253,Shyam Warrier,Male,Hosdurg,Kerala,CCS (Type 2),,,,
CUST0254,Remya Warrier,Female,Kasaragod,Kerala,CCS (Type 2),,,,
CUST0255,Sreejith Warrier,Male,Kanhangad,Kerala,CCS (Type 2),,,,
CUST0256,Reshma Warrier,Female,Kanhangad,Kerala,CCS (Type 2),,,,
CUST0257,Sreeram Warrier,Male,Kanhangad,Kerala,GB-T DC - GB/T 20234.3,,,,
CUST0258,Riya Warrier,Female,Kanhangad,Kerala,CEE 3 Pin,,,,
CUST0259,Sujith Warrier,Male,Cheruvathur,Kerala,CCS (Type 2),,,,
CUST0260,Saniya Warrier,Female,Cheruvathur,Kerala,Type 2 (Tethered Connector) ,,,,
CUST0261,Suresh Warrier,Male,Mathil,Kerala,CCS (Type 2),,,,
CUST0262,Shalini Warrier,Female,Mathil,Kerala,Type 2 (Tethered Connector) ,,,,
CUST0263,Vishnu Warrier,Male,Mathil,Kerala,CEE 3 Pin,,,,
CUST0264,Shreya Warrier,Female,Payyannur,Kerala,CCS (Type 2),,,,
CUST0265,Vivek Warrier,Male,Payyannur,Kerala,CEE 3 Pin,,,,
CUST0266,Sneha Warrier,Female,Bakkalam,Kerala,CCS (Type 2),,,,
CUST0267,Vijay Warrier,Male,Bakkalam,Kerala,CEE 3 Pin,,,,
CUST0268,Sreelakshmi Warrier,Female,Kannur,Kerala,CCS (Type 2),,,,
CUST0269,Abhishek Warrier,Male,Kannur,Kerala,CHAdeMO,,,,
CUST0270,Swathi Warrier,Female,Kannur,Kerala,GB-T DC - GB/T 20234.3,,,,
CUST0271,Ajesh Warrier,Male,Kannur,Kerala,Type 2 (Tethered Connector) ,,,,
CUST0272,Vaishnavi Warrier,Female,Munnar,Kerala,CCS (Type 2),,,,
CUST0273,Anoop Warrier,Male,Munnar,Kerala,CCS (Type 2),,,,
CUST0274,Varsha Warrier,Female,Munnar,Kerala,CCS (Type 2),,,,
CUST0275,Dhanesh Warrier,Male,Iritty,Kerala,CCS (Type 2),,,,
CUST0276,Veena Warrier,Female,"Panoor, Kannur",Kerala,CCS (Type 2),,,,
CUST0277,Arun Namboothiri,Male,Payyoli,Kerala,CCS (Type 2),,,,
CUST0278,Anjali Namboothiri,Female,Payyoli,Kerala,CCS (Type 2),,,,
CUST0279,Akhil Namboothiri,Male,Payyoli,Kerala,Type 2 (Tethered Connector) ,,,,
CUST0280,Amritha Namboothiri,Female,Payyoli,Kerala,CEE 3 Pin,,,,
CUST0281,Anand Namboothiri,Male,Kuttiyady,Kerala,CCS (Type 2),,,,
CUST0282,Aparna Namboothiri,Female,Padinjarathara,Kerala,CCS (Type 2),,,,
CUST0283,Ajith Namboothiri,Male,Padinjarathara,Kerala,CCS (Type 2),,,,
CUST0284,Archana Namboothiri,Female,Padinjarathara,Kerala,GB-T DC - GB/T 20234.3,,,,
CUST0285,Amal Namboothiri,Male,Padinjarathara,Kerala,CEE 3 Pin,,,,
CUST0286,Athira Namboothiri,Female,Tharuvana,Kerala,CCS (Type 2),,,,
CUST0287,Adarsh Namboothiri,Male,Mananthavady,Kerala,CCS (Type 2),,,,
CUST0288,Aishwarya Namboothiri,Female,Sulthan Bathery,Kerala,CCS (Type 2),,,,
CUST0289,Abhinav Namboothiri,Male,Sulthan Bathery,Kerala,CCS (Type 2),,,,
CUST0290,Anagha Namboothiri,Female,Sulthan Bathery,Kerala,CEE 3 Pin,,,,
CUST0291,Anoop Namboothiri,Male,Meenangadi,Kerala,CCS (Type 2),,,,
CUST0292,Aswathy Namboothiri,Female,Kalpetta,Kerala,CCS (Type 2),,,,
CUST0293,Aswin Namboothiri,Male,Kalpetta,Kerala,CCS (Type 2),,,,
CUST0294,Bhavana Namboothiri,Female,Kalpetta,Kerala,Type 2 (Tethered Connector) ,,,,
CUST0295,Basil Namboothiri,Male,Kalpetta,Kerala,CEE 3 Pin,,,,
CUST0296,Devika Namboothiri,Female,Vythiri,Kerala,CCS (Type 2),,,,
CUST0297,Biju Namboothiri,Male,Vythiri,Kerala,CCS (Type 2),,,,
CUST0298,Diya Namboothiri,Female,Vythiri,Kerala,GB-T DC - GB/T 20234.3,,,,
CUST0299,Dileep Namboothiri,Male,Vythiri,Kerala,CEE 3 Pin,,,,
CUST0300,Divya Namboothiri,Female,Thamarassery,Kerala,CCS (Type 2),,,,
CUST0301,Deepak Namboothiri,Male,Thamarassery,Kerala,CHAdeMO,,,,
CUST0302,Fathima Namboothiri,Female,Thamarassery,Kerala,Type 2 (Tethered Connector) ,,,,
CUST0303,Faisal Namboothiri,Male,Thamarassery,Kerala,GB-T DC - GB/T 20234.3,,,,
CUST0304,Gauri Namboothiri,Female,Koduvally,Kerala,CCS (Type 2),,,,
CUST0305,Gokul Namboothiri,Male,Koduvally,Kerala,CCS (Type 2),,,,
CUST0306,Gayathri Namboothiri,Female,Koduvally,Kerala,Type 2 (Tethered Connector) ,,,,
CUST0307,Hari Namboothiri,Male,Kunnamangalam,Kerala,CCS (Type 2),,,,
CUST0308,Geethu Namboothiri,Female,Kozhikode,Kerala,CCS (Type 2),,,,
CUST0309,Jithin Namboothiri,Male,Kozhikode,Kerala,CCS (Type 2),,,,
CUST0310,Hanna Namboothiri,Female,Koyilandi,Kerala,CCS (Type 2),,,,
CUST0311,Joel Namboothiri,Male,Koyilandi,Kerala,CCS (Type 2),,,,
CUST0312,Haritha Namboothiri,Female,Koyilandi,Kerala,Type 2 (Tethered Connector) ,,,,
CUST0313,Kiran Namboothiri,Male,Koyilandi,Kerala,CEE 3 Pin,,,,
CUST0314,Isha Namboothiri,Female,Mysuru,Karnataka,CCS (Type 2),,,,
CUST0315,Krishna Namboothiri,Male,Mysuru,Karnataka,CCS (Type 2),,,,
CUST0316,Jasmin Namboothiri,Female,Mysuru,Karnataka ,CCS (Type 2),,,,
CUST0317,Manu Namboothiri,Male,Pavangad,Kerala,CCS (Type 2),,,,
CUST0318,Kavya Namboothiri,Female,Pavangad,Kerala,CHAdeMO,,,,
CUST0319,Midhun Namboothiri,Male,Pavangad,Kerala,Type 2 (Tethered Connector) ,,,,
CUST0320,Keerthana Namboothiri,Female,Pavangad,Kerala,GB-T DC - GB/T 20234.3,,,,
CUST0321,Nikhil Namboothiri,Male,Kozhikode,Kerala,CCS (Type 2),,,,
CUST0322,Lekshmi Namboothiri,Female,Kozhikode,Kerala,CHAdeMO,,,,
CUST0323,Nithin Krishnan,Male,Kozhikode,Kerala,Type 2 (Tethered Connector) ,,,,
CUST0324,Manju Krishnan,Female,Kozhikode,Kerala,GB-T DC - GB/T 20234.3,,,,
CUST0325,Pranav Krishnan,Male,Vazhikadavu,Kerala,CCS (Type 2),,,,
CUST0326,Meera Krishnan,Female,Edavannappara,Kerala,CCS (Type 2),,,,
CUST0327,Rahul Krishnan,Male,Feroke,Kerala,CCS (Type 2),,,,
CUST0328,Miya Krishnan,Female,Pulikkal,Kerala,CCS (Type 2),,,,
CUST0329,Rajesh Krishnan,Male,Aikkarapadi,Kerala,CCS (Type 2),,,,
CUST0330,Nandana Krishnan,Female,Pingottormad,Kerala,CCS (Type 2),,,,
CUST0331,Rakesh Krishnan,Male,Tirur,Kerala,CCS (Type 2),,,,
CUST0332,Navya Krishnan,Female,Tirur,Kerala,GB-T DC - GB/T 20234.3,,,,
CUST0333,Ranjith Krishnan,Male,Tirur,Kerala,CEE 3 Pin,,,,
CUST0334,Neha Krishnan,Female,Karippol,Kerala,CCS (Type 2),,,,
CUST0335,Ratheesh Krishnan,Male,Karippol,Kerala,CCS (Type 2),,,,
CUST0336,Nimisha Krishnan,Female,Kottakkal,Kerala,CCS (Type 2),,,,
CUST0337,Rohit Krishnan,Male,Munduparamba,Kerala,CCS (Type 2),,,,
CUST0338,Parvathy Krishnan,Female,Munduparamba,Kerala,CHAdeMO,,,,
CUST0339,Sandeep Krishnan,Male,Munduparamba,Kerala,Type 2 (Tethered Connector) ,,,,
CUST0340,Pooja Krishnan,Female,Munduparamba,Kerala,GB-T DC - GB/T 20234.3,,,,
CUST0341,Santhosh Krishnan,Male,Manjeri,Kerala,CCS (Type 2),,,,
CUST0342,Priya Krishnan,Female,Manjeri,Kerala,CCS (Type 2),,,,
CUST0343,Shane Krishnan,Male,Pandikkad,Kerala,CCS (Type 2),,,,
CUST0344,Radhika Krishnan,Female,Pandikkad,Kerala,CEE 3 Pin,,,,
CUST0345,Shyam Krishnan,Male,Melattur,Kerala,CCS (Type 2),,,,
CUST0346,Remya Krishnan,Female,Melattur,Kerala,CEE 3 Pin,,,,
CUST0347,Sreejith Krishnan,Male,Vengoor,Kerala,CCS (Type 2),,,,
CUST0348,Reshma Krishnan,Female,Perinthalmanna,Kerala,CCS (Type 2),,,,
CUST0349,Sreeram Krishnan,Male,Mannarkkad,Kerala,CCS (Type 2),,,,
CUST0350,Riya Krishnan,Female,Vellamthavalam,Kerala,CCS (Type 2),,,,
CUST0351,Sujith Krishnan,Male,Vellamthavalam,Kerala,CCS (Type 2),,,,
CUST0352,Saniya Krishnan,Female,Vellamthavalam,Kerala,CCS (Type 2),,,,
CUST0353,Suresh Krishnan,Male,Vellamthavalam,Kerala,CEE 3 Pin,,,,
CUST0354,Shalini Krishnan,Female,Kanjikkode,Kerala,CCS (Type 2),,,,
CUST0355,Vishnu Krishnan,Male,Kanjikkode,Kerala,CEE 3 Pin,,,,
CUST0356,Shreya Krishnan,Female,Palakkad,Kerala,CCS (Type 2),,,,
CUST0357,Vivek Krishnan,Male,Palakkad,Kerala,CCS (Type 2),,,,
CUST0358,Sneha Krishnan,Female,Mundur,Kerala,CCS (Type 2),,,,
CUST0359,Vijay Krishnan,Male,Sreekrishnapuram,Kerala,CCS (Type 2),,,,
CUST0360,Sreelakshmi Krishnan,Female,Lakkidi,Kerala,CCS (Type 2),,,,
CUST0361,Abhishek Krishnan,Male,Kulappully,Kerala,CCS (Type 2),,,,
CUST0362,Swathi Krishnan,Female,Kulappully,Kerala,CCS (Type 2),,,,
CUST0363,Ajesh Krishnan,Male,Kulappully,Kerala,GB-T DC - GB/T 20234.3,,,,
CUST0364,Vaishnavi Krishnan,Female,Kulappully,Kerala,CEE 3 Pin,,,,
CUST0365,Anoop Krishnan,Male,Koppam,Kerala,CCS (Type 2),,,,
CUST0366,Varsha Krishnan,Female,Pattambi,Kerala,CCS (Type 2),,,,
CUST0367,Dhanesh Krishnan,Male,Kootanad,Kerala,CCS (Type 2),,,,
CUST0368,Veena Krishnan,Female,Kootanad,Kerala,GB-T DC - GB/T 20234.3,,,,
CUST0369,Arun Kumar,Male,Kootanad,Kerala,CEE 3 Pin,,,,
CUST0370,Anjali Kumar,Female,Changaramkulam,Kerala,CCS (Type 2),,,,
CUST0371,Akhil Kumar,Male,Changaramkulam,Kerala,CCS (Type 2),,,,
CUST0372,Amritha Kumar,Female,Maranchery,Kerala,CCS (Type 2),,,,
CUST0373,Anand Kumar,Male,Maranchery,Kerala,CEE 3 Pin,,,,
CUST0374,Aparna Kumar,Female,Ponnanu,Kerala,CCS (Type 2),,,,
CUST0375,Ajith Kumar,Male,Ponnani,Kerala,CCS (Type 2),,,,
CUST0376,Archana Kumar,Female,Ponnani,Kerala,CHAdeMO,,,,
CUST0377,Amal Kumar,Male,Ponnani,Kerala,GB-T DC - GB/T 20234.3,,,,
CUST0378,Athira Kumar,Female,Ponnani,Kerala,Type 2 (Tethered Connector) ,,,,
CUST0379,Adarsh Kumar,Male,Erumappetti,Kerala,CCS (Type 2),,,,
CUST0380,Aishwarya Kumar,Female,Erumappetti,Kerala,CEE 3 Pin,,,,
CUST0381,Abhinav Kumar,Male,Wadakkanchery,Kerala,CCS (Type 2),,,,
CUST0382,Anagha Kumar,Female,Wadakkanchery,Kerala,Type 2 (Tethered Connector) ,,,,
CUST0383,Anoop Kumar,Male,Wadakkanchery,Kerala,CEE 3 Pin,,,,
CUST0384,Aswathy Kumar,Female,Kechery,Kerala,CCS (Type 2),,,,
CUST0385,Aswin Kumar,Male,Kechery,Kerala,CCS (Type 2),,,,
CUST0386,Bhavana Kumar,Female,Killannur,Kerala,CCS (Type 2),,,,
CUST0387,Basil Kumar,Male,Thrissur,Kerala,CCS (Type 2),,,,
CUST0388,Devika Kumar,Female,Thrissur,Kerala,CEE 3 Pin,,,,
CUST0389,Biju Kumar,Male,Thrissur,Kerala,CCS (Type 2),,,,
CUST0390,Diya Kumar,Female,Thrissur,Kerala,CHAdeMO,,,,
CUST0391,Dileep Kumar,Male,Thrissur,Kerala,GB-T DC - GB/T 20234.3,,,,
CUST0392,Divya Kumar,Female,Thrissur,Kerala,Type 2 (Tethered Connector) ,,,,
CUST0393,Deepak Kumar,Male,Thrissur,Kerala,CCS (Type 2),,,,
CUST0394,Fathima Kumar,Female,Thrissur,Kerala,CEE 3 Pin,,,,
CUST0395,Faisal Kumar,Male,Thrissur,Kerala,CCS (Type 2),,,,
CUST0396,Gauri Kumar,Female,Mundupalam,Kerala,CCS (Type 2),,,,
CUST0397,Gokul Kumar,Male,Thrissur,Kerala,CCS (Type 2),,,,
CUST0398,Gayathri Kumar,Female,Thrissur,Kerala,CCS (Type 2),,,,
CUST0399,Hari Kumar,Male,Thrissur,Kerala,CEE 3 Pin,,,,
CUST0400,Geethu Kumar,Female,Engandiyoor,Kerala,CCS (Type 2),,,,
CUST0401,Jithin Kumar,Male,Chazhoor,Kerala,CCS (Type 2),,,,
CUST0402,Hanna Kumar,Female,Chazhoor,Kerala,CEE 3 Pin,,,,
CUST0403,Joel Kumar,Male,Valappad,Kerala,CCS (Type 2),,,,
CUST0404,Haritha Kumar,Female,Valappad,Kerala,CHAdeMO,,,,
CUST0405,Kiran Kumar,Male,Valappad,Kerala,Type 2 (Tethered Connector) ,,,,
CUST0406,Isha Kumar,Female,Valappad,Kerala,GB-T DC - GB/T 20234.3,,,,
CUST0407,Krishna Kumar,Male,Nattika,Kerala,CCS (Type 2),,,,
CUST0408,Jasmin Kumar,Female,Karuvannur,Kerala,CCS (Type 2),,,,
CUST0409,Manu Kumar,Male,Irinjalakkuda,Kerala,CCS (Type 2),,,,
CUST0410,Kavya Kumar,Female,Irinjalakkuda,Kerala,CHAdeMO,,,,
CUST0411,Midhun Kumar,Male,Irinjalakkuda,Kerala,GB-T DC - GB/T 20234.3,,,,
CUST0412,Keerthana Kumar,Female,Irinjalakkuda,Kerala,Type 2 (Tethered Connector) ,,,,
CUST0413,Nikhil Kumar,Male,Nenmara,Kerala,CCS (Type 2),,,,
CUST0414,Lekshmi Kumar,Female,Vadakkenchery,Kerala,CCS (Type 2),,,,
CUST0415,Nithin Mohan,Male,Vadakkenchery,Kerala,CHAdeMO,,,,
CUST0416,Manju Mohan,Female,Vadakkenchery,Kerala,GB-T DC - GB/T 20234.3,,,,
CUST0417,Pranav Mohan,Male,Vadakkenchery,Kerala,CEE 3 Pin,,,,
CUST0418,Meera Mohan,Female,Vadakkencherry,Kerala,CCS (Type 2),,,,
CUST0419,Rahul Mohan,Male,Vadakkencherry,Kerala,CEE 3 Pin,,,,
CUST0420,Miya Mohan,Female,Marathakkara,Kerala,CCS (Type 2),,,,
CUST0421,Rajesh Mohan,Male,Marathakkara,Kerala,CEE 3 Pin,,,,
CUST0422,Nandana Mohan,Female,Amballur,Kerala,CCS (Type 2),,,,
CUST0423,Rakesh Mohan,Male,Kodakara,Kerala,CCS (Type 2),,,,
CUST0424,Navya Mohan,Female,Thrissur,Kerala,CCS (Type 2),,,,
CUST0425,Ranjith Mohan,Male,Chalakudy,Kerala,CCS (Type 2),,,,
CUST0426,Neha Mohan,Female,Chalakudy,Kerala,CCS (Type 2),,,,
CUST0427,Ratheesh Mohan,Male,Chalakkudy,Kerala,CCS (Type 2),,,,
CUST0428,Nimisha Mohan,Female,Chalakkudy,Kerala,CCS (Type 2),,,,
CUST0429,Rohit Mohan,Male,Athirappilly,Kerala,CCS (Type 2),,,,
CUST0430,Parvathy Mohan,Female,Athirappilly,Kerala,CEE 3 Pin,,,,
CUST0431,Sandeep Mohan,Male,Angamaly,Kerala,CCS (Type 2),,,,
CUST0432,Pooja Mohan,Female,Angamaly,Kerala,CCS (Type 2),,,,
CUST0433,Santhosh Mohan,Male,Angamaly,Kerala,Type 2 (Tethered Connector) ,,,,
CUST0434,Priya Mohan,Female,Angamaly,Kerala,CCS (Type 2),,,,
CUST0435,Shane Mohan,Male,Nedumbassery ,Kerala,CCS (Type 2),,,,
CUST0436,Radhika Mohan,Female,Nedumbassery ,Kerala,CCS (Type 2),,,,
CUST0437,Shyam Mohan,Male,Nedumbassery ,Kerala,CCS (Type 2),,,,
CUST0438,Remya Mohan,Female,Nedumbassery ,Kerala,CCS (Type 2),,,,
CUST0439,Sreejith Mohan,Male,Nedumbassery ,Kerala,CCS (Type 2),,,,
CUST0440,Reshma Mohan,Female,Nedumbassery ,Kerala,CCS (Type 2),,,,
CUST0441,Sreeram Mohan,Male,Nedumbassery ,Kerala,CCS (Type 2),,,,
CUST0442,Riya Mohan,Female,Nedumbassery ,Kerala,CCS (Type 2),,,,
CUST0443,Sujith Mohan,Male,Nedumbassery ,Kerala,CCS (Type 2),,,,
CUST0444,Saniya Mohan,Female,Nedumbassery ,Kerala,CCS (Type 2),,,,
CUST0445,Suresh Mohan,Male,North Paravoor,Kerala,CCS (Type 2),,,,
CUST0446,Shalini Mohan,Female,North Paravoor,Kerala,CHAdeMO,,,,
CUST0447,Vishnu Mohan,Male,North Paravoor,Kerala,GB-T DC - GB/T 20234.3,,,,
CUST0448,Shreya Mohan,Female,Kunnukara,Kerala,CCS (Type 2),,,,
CUST0449,Vivek Mohan,Male,Kunnukara,Kerala,CEE 3 Pin,,,,
CUST0450,Sneha Mohan,Female,Choornikkara,Kerala,CCS (Type 2),,,,
CUST0451,Vijay Mohan,Male,Kochi,Kerala,CCS (Type 2),,,,
CUST0452,Sreelakshmi Mohan,Female,Kalamassery,Kerala,CCS (Type 2),,,,
CUST0453,Abhishek Mohan,Male,Kalamassery,Kerala,CCS (Type 2),,,,
CUST0454,Swathi Mohan,Female,Kalamassery,Kerala,CHAdeMO,,,,
CUST0455,Ajesh Mohan,Male,Kalamassery,Kerala,Type 2 (Tethered Connector) ,,,,
CUST0456,Vaishnavi Mohan,Female,Kalamassery,Kerala,GB-T DC - GB/T 20234.3,,,,
CUST0457,Anoop Mohan,Male,Kalamassery,Kerala,CCS (Type 2),,,,
CUST0458,Varsha Mohan,Female,Kalamassery,Kerala,Type 2 (Tethered Connector) ,,,,
CUST0459,Dhanesh Mohan,Male,Kalamassery,Kerala,CEE 3 Pin,,,,
CUST0460,Veena Mohan,Female,Edappally,Keral,CCS (Type 2),,,,
CUST0461,Arun Mathew,Male,Edappally,Keral,CEE 3 Pin,,,,
CUST0462,Anjali Mathew,Female,Kaloor,Kerala,CCS (Type 2),,,,
CUST0463,Akhil Mathew,Male,Kaloor,Kerala,CHAdeMO,,,,
CUST0464,Amritha Mathew,Female,Kaloor,Kerala,Type 2 (Tethered Connector) ,,,,
CUST0465,Anand Mathew,Male,Kaloor,Kerala,GB-T DC - GB/T 20234.3,,,,
CUST0466,Aparna Mathew,Female,Kochi,Kerala,CCS (Type 2),,,,
CUST0467,Ajith Mathew,Male,Kochi,Kerala,CHAdeMO,,,,
CUST0468,Archana Mathew,Female,Kochi,Kerala,Type 2 (Tethered Connector) ,,,,
CUST0469,Amal Mathew,Male,Kochi,Kerala,GB-T DC - GB/T 20234.3,,,,
CUST0470,Athira Mathew,Female,Thammanam,Kerala,CCS (Type 2),,,,
CUST0471,Adarsh Mathew,Male,Vyttila,Kerala,CCS (Type 2),,,,
CUST0472,Aishwarya Mathew,Female,Vyttila,Kerala,CCS (Type 2),,,,
CUST0473,Abhinav Mathew,Male,Vyttila,Keral,CCS (Type 2),,,,
CUST0474,Anagha Mathew,Female,Vyttila,Keral,CHAdeMO,,,,
CUST0475,Anoop Mathew,Male,Vyttila,Keral,Type 2 (Tethered Connector) ,,,,
CUST0476,Aswathy Mathew,Female,Vyttila,Keral,GB-T DC - GB/T 20234.3,,,,
CUST0477,Aswin Mathew,Male,Maradu,Kerala,CCS (Type 2),,,,
CUST0478,Bhavana Mathew,Female,Maradu,Kerala,CCS (Type 2),,,,
CUST0479,Basil Mathew,Male,Maradu,Kerala,CCS (Type 2),,,,
CUST0480,Devika Mathew,Female,Maradu,Kerala,CCS (Type 2),,,,
CUST0481,Biju Mathew,Male,Maradu,Kerala,CCS (Type 2),,,,
CUST0482,Diya Mathew,Female,Aluva,Kerala,CCS (Type 2),,,,
CUST0483,Dileep Mathew,Male,Aluva,Kerala,CCS (Type 2),,,,
CUST0484,Divya Mathew,Female,Aluva,Kerala,Type 2 (Tethered Connector) ,,,,
CUST0485,Deepak Mathew,Male,Thrippunithara,Kerala,CCS (Type 2),,,,
CUST0486,Fathima Mathew,Female,Thrippunithara,Kerala,CCS (Type 2),,,,
CUST0487,Faisal Mathew,Male,Thrippunithara,Kerala,Type 2 (Tethered Connector) ,,,,
CUST0488,Gauri Mathew,Female,Thrippunithara,Kerala,CEE 3 Pin,,,,
CUST0489,Gokul Mathew,Male,Kakkanad,Kerala,CCS (Type 2),,,,
CUST0490,Gayathri Mathew,Female,Pallikkara,Kerala,CCS (Type 2),,,,
CUST0491,Hari Mathew,Male,Pallikkara,Kerala,Type 2 (Tethered Connector) ,,,,
CUST0492,Geethu Mathew,Female,Pallikkara,Kerala,Type 2 (Tethered Connector) ,,,,
CUST0493,Jithin Mathew,Male,Kizhakkambalam,Kerala,CCS (Type 2),,,,
CUST0494,Hanna Mathew,Female,Kizhakkambalam,Kerala,CEE 3 Pin,,,,
CUST0495,Joel Mathew,Male,Perumbavoor ,Kerala,CCS (Type 2),,,,
CUST0496,Haritha Mathew,Female,Kothamangalam,Kerala,CCS (Type 2),,,,
CUST0497,Kiran Mathew,Male,Kothamangalam,Kerala,CCS (Type 2),,,,
CUST0498,Isha Mathew,Female,Kothamangalam,Kerala,CCS (Type 2),,,,
CUST0499,Krishna Mathew,Male,Kothamangalam,Kerala,GB-T DC - GB/T 20234.3,,,,
CUST0500,Jasmin Mathew,Female,Kothamangalam,Kerala,CEE 3 Pin,,,,
CUST0501,Manu Mathew,Male,Muvattupuzha,Kerala,CCS (Type 2),,,,
CUST0502,Kavya Mathew,Female,Moovattupuzha,Kerala,CCS (Type 2),,,,
CUST0503,Midhun Mathew,Male,Moovattupuzha,Kerala,Type 2 (Tethered Connector) ,,,,
CUST0504,Keerthana Mathew,Female,Moovattupuzha,Kerala,CCS (Type 2),,,,
CUST0505,Nikhil Mathew,Male,Moovattupuzha,Kerala,CCS (Type 2),,,,
CUST0506,Lekshmi Mathew,Female,Thodupuzha,Kerala,CCS (Type 2),,,,
CUST0507,Nithin Thomas,Male,Thodupuzha,Kerala,CCS (Type 2),,,,
CUST0508,Manju Thomas,Female,Thodupuzha,Kerala,CEE 3 Pin,,,,
CUST0509,Pranav Thomas,Male,Thodupuzha,Kerala,CCS (Type 2),,,,
CUST0510,Meera Thomas,Female,Thodupuzha,Kerala,CCS (Type 2),,,,
CUST0511,Rahul Thomas,Male,Thodupuzha,Kerala,GB-T DC - GB/T 20234.3,,,,
CUST0512,Miya Thomas,Female,Thodupuzha,Kerala,CEE 3 Pin,,,,
CUST0513,Rajesh Thomas,Male,Karimkunnam,Kerala,CCS (Type 2),,,,
CUST0514,Nandana Thomas,Female,Karimkunnam,Kerala,CEE 3 Pin,,,,
CUST0515,Rakesh Thomas,Male,Koothattukulam,Keraka,CCS (Type 2),,,,
CUST0516,Navya Thomas,Female,Koothattukulam,Keraka,Type 2 (Tethered Connector) ,,,,
CUST0517,Ranjith Thomas,Male,Koothattukulam,Keraka,CEE 3 Pin,,,,
CUST0518,Neha Thomas,Female,Thalayolaparambu,Kerala,CCS (Type 2),,,,
CUST0519,Ratheesh Thomas,Male,Thalayolaparambu,Kerala,CEE 3 Pin,,,,
CUST0520,Nimisha Thomas,Female,Kumarakom,Kerala,CCS (Type 2),,,,
CUST0521,Rohit Thomas,Male,Kumarakom,Kerala,Type 2 (Tethered Connector) ,,,,
CUST0522,Parvathy Thomas,Female,Kochuveli,Kerala,CCS (Type 2),,,,
CUST0523,Sandeep Thomas,Male,Thiruvananthapuram ,Kerala,CCS (Type 2),,,,
CUST0524,Pooja Thomas,Female,Poojappura,Kerala,CCS (Type 2),,,,
CUST0525,Santhosh Thomas,Male,Sreekaryam,Kerala,CCS (Type 2),,,,
CUST0526,Priya Thomas,Female,Sreekaryam,Kerala,CEE 3 Pin,,,,
CUST0527,Shane Thomas,Male,Karyavattom,Kerala,CCS (Type 2),,,,
CUST0528,Radhika Thomas,Female,Kazhakuttom,Kerala,CCS (Type 2),,,,
CUST0529,Shyam Thomas,Male,Kazhakuttom,Kerala,CEE 3 Pin,,,,
CUST0530,Remya Thomas,Female,Kazhakuttom,Kerala,CCS (Type 2),,,,
CUST0531,Sreejith Thomas,Male,Moolamattom,Kerala,CCS (Type 2),,,,
CUST0532,Reshma Thomas,Female,Moolamattom,Kerala,CCS (Type 2),,,,
CUST0533,Sreeram Thomas,Male,Moolamattom,Kerala,GB-T DC - GB/T 20234.3,,,,
CUST0534,Riya Thomas,Female,Moolamattom,Kerala,CEE 3 Pin,,,,
CUST0535,Sujith Thomas,Male,Vagamon,Kerala,CCS (Type 2),,,,
CUST0536,Saniya Thomas,Female,Vagamon,Kerala,CCS (Type 2),,,,
CUST0537,Suresh Thomas,Male,Vagamon,Kerala,CEE 3 Pin,,,,
CUST0538,Shalini Thomas,Female,Erattupetta,Kerala,CCS (Type 2),,,,
CUST0539,Vishnu Thomas,Male,Pala,Kerala,CCS (Type 2),,,,
CUST0540,Shreya Thomas,Female,Pala,Kerala,CCS (Type 2),,,,
CUST0541,Vivek Thomas,Male,Pala,Kerala,CEE 3 Pin,,,,
CUST0542,Sneha Thomas,Female,Ettumanoor,Kerala,CCS (Type 2),,,,
CUST0543,Vijay Thomas,Male,Arpookara,Kerala,CCS (Type 2),,,,
CUST0544,Sreelakshmi Thomas,Female,Arpookara,Kerala,GB-T DC - GB/T 20234.3,,,,
CUST0545,Abhishek Thomas,Male,Arpookara,Kerala,CEE 3 Pin,,,,
CUST0546,Swathi Thomas,Female,Kottayam,Kerala,CCS (Type 2),,,,
CUST0547,Ajesh Thomas,Male,Kottayam,Kerala,CCS (Type 2),,,,
CUST0548,Vaishnavi Thomas,Female,Kottayam,Kerala,CEE 3 Pin,,,,
CUST0549,Anoop Thomas,Male,Pallom,Kerala,CCS (Type 2),,,,
CUST0550,Varsha Thomas,Female,Pallom,Kerala,CHAdeMO,,,,
CUST0551,Dhanesh Thomas,Male,Pallom,Kerala,GB-T DC - GB/T 20234.3,,,,
CUST0552,Veena Thomas,Female,Pallom,Kerala,CEE 3 Pin,,,,
CUST0553,Arun Joseph,Male,Alappuzha,Kerala,CCS (Type 2),,,,
CUST0554,Anjali Joseph,Female,Alappuzha,Kerala,CCS (Type 2),,,,
CUST0555,Akhil Joseph,Male,Punnapra,Kerala,CCS (Type 2),,,,
CUST0556,Amritha Joseph,Female,Punnapra,Kerala,GB-T DC - GB/T 20234.3,,,,
CUST0557,Anand Joseph,Male,Punnapra,Kerala,CEE 3 Pin,,,,
CUST0558,Aparna Joseph,Female,Nedumkunnam,Kerala,CCS (Type 2),,,,
CUST0559,Ajith Joseph,Male,Changanassery,Kerala,CCS (Type 2),,,,
CUST0560,Archana Joseph,Female,Changanassery,Kerala,CEE 3 Pin,,,,
CUST0561,Amal Joseph,Male,Thiruvalla,Kerala,CCS (Type 2),,,,
CUST0562,Athira Joseph,Female,Thiruvalla,Kerala,CCS (Type 2),,,,
CUST0563,Adarsh Joseph,Male,Edathwa,Kerala,CCS (Type 2),,,,
CUST0564,Aishwarya Joseph,Female,Edathwa,Kerala,Type 2 (Tethered Connector) ,,,,
CUST0565,Abhinav Joseph,Male,Edathwa,Kerala,CEE 3 Pin,,,,
CUST0566,Anagha Joseph,Female,Karuvatta,Kerala,CCS (Type 2),,,,
CUST0567,Anoop Joseph,Male,Karuvatta,Kerala,Type 2 (Tethered Connector) ,,,,
CUST0568,Aswathy Joseph,Female,Karuvatta,Kerala,CEE 3 Pin,,,,
CUST0569,Aswin Joseph,Male,Karuvatta,Kerala,CCS (Type 2),,,,
CUST0570,Bhavana Joseph,Female,Karuvatta,Kerala,CCS (Type 2),,,,
CUST0571,Basil Joseph,Male,Karuvatta,Kerala,Type 2 (Tethered Connector) ,,,,
CUST0572,Devika Joseph,Female,Karuvatta,Kerala,CEE 3 Pin,,,,
CUST0573,Biju Joseph,Male,Pathanamthitta,Kerala,CCS (Type 2),,,,
CUST0574,Diya Joseph,Female,Pamba,Kerala,CCS (Type 2),,,,
CUST0575,Dileep Joseph,Male,Pamba,Kerala,CCS (Type 2),,,,
CUST0576,Divya Joseph,Female,Pamba,Kerala,GB-T DC - GB/T 20234.3,,,,
CUST0577,Deepak Joseph,Male,Pamba,Kerala,CEE 3 Pin,,,,
CUST0578,Fathima Joseph,Female,Pathanamthitta,Kerala,CCS (Type 2),,,,
CUST0579,Faisal Joseph,Male,Chengannur,Kerala,CCS (Type 2),,,,
CUST0580,Gauri Joseph,Female,Chengannur,Kerala,CCS (Type 2),,,,
CUST0581,Gokul Joseph,Male,Chengannur,Kerala,CEE 3 Pin,,,,
CUST0582,Gayathri Joseph,Female,Harippad,,CCS (Type 2),,,,
CUST0583,Hari Joseph,Male,Mavelikkara,Kerala,CCS (Type 2),,,,
CUST0584,Geethu Joseph,Female,Konni,Kerala,CCS (Type 2),,,,
CUST0585,Jithin Joseph,Male,Paranthal,Kerala,CCS (Type 2),,,,
CUST0586,Hanna Joseph,Female,Paranthal,Kerala,CEE 3 Pin,,,,
CUST0587,Joel Joseph,Male,Paranthal,Kerala,CCS (Type 2),,,,
CUST0588,Haritha Joseph,Female,Adoor,Kerala,CCS (Type 2),,,,
CUST0589,Kiran Joseph,Male,Mavelikkara,Kerala,CCS (Type 2),,,,
CUST0590,Isha Joseph,Female,Mavelikkara,Kerala,CEE 3 Pin,,,,
CUST0591,Krishna Joseph,Male,Ochira,Kerala,CCS (Type 2),,,,
CUST0592,Jasmin Joseph,Female,Kottarakkara,Kerala,CCS (Type 2),,,,
CUST0593,Manu Joseph,Male,Kottarakkara,Kerala,CEE 3 Pin,,,,
CUST0594,Kavya Joseph,Female,Kottarakkara,Kerala,CCS (Type 2),,,,
CUST0595,Midhun Joseph,Male,Thenmala,Kerala,CCS (Type 2),,,,
CUST0596,Keerthana Joseph,Female,Odanavattom,Kerala,CCS (Type 2),,,,
CUST0597,Nikhil Joseph,Male,Kundara,Kerala,CCS (Type 2),,,,
CUST0598,Lekshmi Joseph,Female,Kundara,Kerala,CHAdeMO,,,,
CUST0599,Nithin George,Male,Kundara,Kerala,Type 2 (Tethered Connector) ,,,,
CUST0600,Manju George,Female,Kundara,Kerala,GB-T DC - GB/T 20234.3,,,,
CUST0601,Pranav George,Male,Kollam,Kerala,CCS (Type 2),,,,
CUST0602,Meera George,Female,Chinnakkada,Kerala,CCS (Type 2),,,,
CUST0603,Rahul George,Male,Chinnakkada,Kerala,CCS (Type 2),,,,
CUST0604,Miya George,Female,Kollam,Kerala,CCS (Type 2),,,,
CUST0605,Rajesh George,Male,Parippalli,Kerala,CCS (Type 2),,,,
CUST0606,Nandana George,Female,Kottarakkara,Kerala,CCS (Type 2),,,,
CUST0607,Rakesh George,Male,Kottarakkara,Kerala,CEE 3 Pin,,,,
CUST0608,Navya George,Female,Kottiyam,Kerala,CCS (Type 2),,,,
CUST0609,Ranjith George,Male,Kottiyam,Kerala,CHAdeMO,,,,
CUST0610,Neha George,Female,Kottiyam,Kerala,Type 2 (Tethered Connector) ,,,,
CUST0611,Ratheesh George,Male,Kottiyam,Kerala,GB-T DC - GB/T 20234.3,,,,
CUST0612,Nimisha George,Female,Attingal,Kerala,CCS (Type 2),,,,
CUST0613,Rohit George,Male,Attingal,Kerala,CHAdeMO,,,,
CUST0614,Parvathy George,Female,Attingal,Kerala,Type 2 (Tethered Connector) ,,,,
CUST0615,Sandeep George,Male,Attingal,Kerala,GB-T DC - GB/T 20234.3,,,,
CUST0616,Pooja George,Female,Paruthippara,Kerala,CCS (Type 2),,,,
CUST0617,Santhosh George,Male,Paruthippara,Kerala,CHAdeMO,,,,
CUST0618,Priya George,Female,Paruthippara,Kerala,Type 2 (Tethered Connector) ,,,,
CUST0619,Shane George,Male,Pattom,Kerala,CCS (Type 2),,,,
CUST0620,Radhika George,Female,Pattom,Kerala,CHAdeMO,,,,
CUST0621,Shyam George,Male,Pattom,Kerala,Type 2 (Tethered Connector) ,,,,
CUST0622,Remya George,Female,Kannur,Kerala,CCS (Type 2),,,,
CUST0623,Sreejith George,Male,Kannur,Kerala,CHAdeMO,,,,
CUST0624,Reshma George,Female,Kannur,Kerala,Type 2 (Tethered Connector) ,,,,
CUST0625,Sreeram George,Male,Vadakara,Kerala,CCS (Type 2),,,,
CUST0626,Riya George,Female,Vadakara,Kerala,CHAdeMO,,,,
CUST0627,Sujith George,Male,Vadakara,Kerala,Type 2 (Tethered Connector) ,,,,
CUST0628,Saniya George,Female,Perinthalmanna,Kerala,CCS (Type 2),,,,
CUST0629,Suresh George,Male,Perinthalmanna,Kerala,CHAdeMO,,,,
CUST0630,Shalini George,Female,Perinthalmanna,Kerala,Type 2 (Tethered Connector) ,,,,
CUST0631,Vishnu George,Male,Mannarkkad,Keral,CCS (Type 2),,,,
CUST0632,Shreya George,Female,Mannarkkad,Keral,CHAdeMO,,,,
CUST0633,Vivek George,Male,Mannarkkad,Keral,Type 2 (Tethered Connector) ,,,,
CUST0634,Sneha George,Female,Kayamkulam,Lerala,CCS (Type 2),,,,
CUST0635,Vijay George,Male,Kayamkulam,Lerala,CHAdeMO,,,,
CUST0636,Sreelakshmi George,Female,Kayamkulam,Lerala,Type 2 (Tethered Connector) ,,,,
CUST0637,Abhishek George,Male,Shornur,Kerala,CCS (Type 2),,,,
CUST0638,Swathi George,Female,Shornur,Kerala,CHAdeMO,,,,
CUST0639,Ajesh George,Male,Shornur,Kerala,Type 2 (Tethered Connector) ,,,,
CUST0640,Vaishnavi George,Female,Thrissur,Kerala,CCS (Type 2),,,,
CUST0641,Anoop George,Male,Thrissur,Kerala,CHAdeMO,,,,
CUST0642,Varsha George,Female,Thrissur,Kerala,Type 2 (Tethered Connector) ,,,,
CUST0643,Dhanesh George,Male,Palakkad,Kerala,CCS (Type 2),,,,
CUST0644,Veena George,Female,Palakkad,Kerala,CHAdeMO,,,,
CUST0645,Arun Varghese,Male,Palakkad,Kerala,Type 2 (Tethered Connector) ,,,,
CUST0646,Anjali Varghese,Female,Idukki,Kerala,CCS (Type 2),,,,
CUST0647,Akhil Varghese,Male,Idukki,Kerala,CHAdeMO,,,,
CUST0648,Amritha Varghese,Female,Idukki,Kerala,Type 2 (Tethered Connector) ,,,,
CUST0649,Anand Varghese,Male,Ernakulam,Kerala,CCS (Type 2),,,,
CUST0650,Aparna Varghese,Female,Ernakulam,Kerala,CHAdeMO,,,,
CUST0651,Ajith Varghese,Male,Ernakulam,Kerala,Type 2 (Tethered Connector) ,,,,
CUST0652,Archana Varghese,Female,Ernakulam,Kerala,Type 2 (Tethered Connector) ,,,,
CUST0653,Amal Varghese,Male,Cherthala,Kerala,CCS (Type 2),,,,
CUST0654,Athira Varghese,Female,Cherthala,Kerala,CHAdeMO,,,,
CUST0655,Adarsh Varghese,Male,Cherthala,Kerala,Type 2 (Tethered Connector) ,,,,
CUST0656,Aishwarya Varghese,Female,Pathanamthitta ,Kerala,CCS (Type 2),,,,
CUST0657,Abhinav Varghese,Male,Pathanamthitta ,Kerala,CHAdeMO,,,,
CUST0658,Anagha Varghese,Female,Pathanamthitta ,Kerala,Type 2 (Tethered Connector) ,,,,
CUST0659,Anoop Varghese,Male,Thiruvananthapuram ,Kerala,CCS (Type 2),,,,
CUST0660,Aswathy Varghese,Female,Thiruvananthapuram ,Kerala,CHAdeMO,,,,
CUST0661,Aswin Varghese,Male,Thiruvananthapuram ,Kerala,Type 2 (Tethered Connector) ,,,,
CUST0662,Bhavana Varghese,Female,Thiruvananthapuram ,Kerala,Type 2 (Tethered Connector) ,,,,
CUST0663,Basil Varghese,Male,Chengala,Kerala,CCS (Type 2),,,,
CUST0664,Devika Varghese,Female,Chengala,Kerala,CCS (Type 2),,,,
CUST0665,Biju Varghese,Male,Kozhikode,Kerala,CCS (Type 2),,,,
CUST0666,Diya Varghese,Female,Kozhikode,Kerala,CCS (Type 2),,,,
CUST0667,Dileep Varghese,Male,Kozhikode,Kerala,CCS (Type 2),,,,
CUST0668,Divya Varghese,Female,Kozhikode,Kerala,CCS (Type 2),,,,
CUST0669,Deepak Varghese,Male,Kozhikode,Kerala,CCS (Type 2),,,,
CUST0670,Fathima Varghese,Female,Palakkad,Kerala,CCS (Type 2),,,,
CUST0671,Faisal Varghese,Male,Palakkad,Kerala,CCS (Type 2),,,,
CUST0672,Gauri Varghese,Female,Thrissur,Kerala,CCS (Type 2),,,,
CUST0673,Gokul Varghese,Male,Thrissur,Kerala,CCS (Type 2),,,,
CUST0674,Gayathri Varghese,Female,Kochi,Kerala,CCS (Type 2),,,,
CUST0675,Hari Varghese,Male,Kochi,Kerala,CCS (Type 2),,,,
CUST0676,Geethu Varghese,Female,Ernakulam,Kerala,CCS (Type 2),,,,
CUST0677,Jithin Varghese,Male,Ernakulam,Kerala,CCS (Type 2),,,,
CUST0678,Hanna Varghese,Female,Ernakulam,Kerala,CCS (Type 2),,,,
CUST0679,Joel Varghese,Male,Ernakulam,Kerala,CCS (Type 2),,,,
CUST0680,Haritha Varghese,Female,Muvattupuzha,Kerala,CCS (Type 2),,,,
CUST0681,Kiran Varghese,Male,Idukki,Kerala,CCS (Type 2),,,,
CUST0682,Isha Varghese,Female,Idukki,Kerala,CCS (Type 2),,,,
CUST0683,Krishna Varghese,Male,Kottayam,Kerala,CCS (Type 2),,,,
CUST0684,Jasmin Varghese,Female,Kottayam,Kerala,CCS (Type 2),,,,
CUST0685,Manu Varghese,Male,Pathanamthitta,Kerala,CCS (Type 2),,,,
CUST0686,Kavya Varghese,Female,Pathanamthitta,Kerala,CCS (Type 2),,,,
CUST0687,Midhun Varghese,Male,Kayamkulam,Kerala,CCS (Type 2),,,,
CUST0688,Keerthana Varghese,Female,Kayamkulam,Kerala,CCS (Type 2),,,,
CUST0689,Nikhil Varghese,Male,Karunagappalli,Kerala,CCS (Type 2),,,,
CUST0690,Lekshmi Varghese,Female,Karunagappalli,Kerala,CCS (Type 2),,,,
CUST0691,Nithin Antony,Male,Karunagappalli,Kerala,CCS (Type 2),,,,
CUST0692,Manju Antony,Female,Kollam,Kerala,CCS (Type 2),,,,
CUST0693,Pranav Antony,Male,Kollam,Kerala,CCS (Type 2),,,,
CUST0694,Meera Antony,Female,Kollam,Kerala,CEE 3 Pin,,,,
CUST0695,Rahul Antony,Male,Kollam,Kerala,CCS (Type 2),,,,
CUST0696,Miya Antony,Female,Kollam,Kerala,CCS (Type 2),,,,
CUST0697,Rajesh Antony,Male,Varkkala,Kerala,CCS (Type 2),,,,
CUST0698,Nandana Antony,Female,Varkkala,Kerala,CCS (Type 2),,,,
CUST0699,Rakesh Antony,Male,Thiruvananthapuram ,Kerala,CCS (Type 2),,,,
CUST0700,Navya Antony,Female,Thiruvananthapuram ,Kerala,CCS (Type 2),,,,
CUST0701,Ranjith Antony,Male,Kanhangad,Kerala,CCS (Type 2),,,,
CUST0702,Neha Antony,Female,Kannur,Kerala,CCS (Type 2),,,,
CUST0703,Ratheesh Antony,Male,Kathirur,Kerala,CCS (Type 2),,,,
CUST0704,Nimisha Antony,Female,Kathirur,Kerala,Type 2 (Tethered Connector) ,,,,
CUST0705,Rohit Antony,Male,Kathirur,Kerala,CEE 3 Pin,,,,
CUST0706,Parvathy Antony,Female,Thalasseri,Kerala,CCS (Type 2),,,,
CUST0707,Sandeep Antony,Male,Sulthan Batheri,Kerala,CCS (Type 2),,,,
CUST0708,Pooja Antony,Female,Kalpetta,Kerala,Type 2 (Tethered Connector) ,,,,
CUST0709,Santhosh Antony,Male,Kalpetta,Kerala,CCS (Type 2),,,,
CUST0710,Priya Antony,Female,Kozhikode,Kerala,CCS (Type 2),,,,
CUST0711,Shane Antony,Male,Kozhikode,Kerala,CCS (Type 2),,,,
CUST0712,Radhika Antony,Female,Kozhikode,Kerala,CCS (Type 2),,,,
CUST0713,Shyam Antony,Male,Kozhikode,Kerala,CCS (Type 2),,,,
CUST0714,Remya Antony,Female,Kottakkal,Kerala,CCS (Type 2),,,,
CUST0715,Sreejith Antony,Male,Kottakkal,Kerala,CCS (Type 2),,,,
CUST0716,Reshma Antony,Female,Thirur,Kerala,CCS (Type 2),,,,
CUST0717,Sreeram Antony,Male,Edappal,Kerala,CCS (Type 2),,,,
CUST0718,Riya Antony,Female,Guruvayur,Kerala,CCS (Type 2),,,,
CUST0719,Sujith Antony,Male,Thrissur,Kerala,CCS (Type 2),,,,
CUST0720,Saniya Antony,Female,Pattikkad,Kerala,CCS (Type 2),,,,
CUST0721,Suresh Antony,Male,Thrissur,Kerala,CCS (Type 2),,,,
CUST0722,Shalini Antony,Female,Thrissur,Kerala,CCS (Type 2),,,,
CUST0723,Vishnu Antony,Male,Thrissur,Kerala,CCS (Type 2),,,,
CUST0724,Shreya Antony,Female,Thrissur,Kerala,CCS (Type 2),,,,
CUST0725,Vivek Antony,Male,Kodungallur,Kerala,CCS (Type 2),,,,
CUST0726,Sneha Antony,Female,Angamaly,Kerala,CCS (Type 2),,,,
CUST0727,Vijay Antony,Male,Cherai,Kerala,Type 2 (Tethered Connector) ,,,,
CUST0728,Sreelakshmi Antony,Female,Cherai,Kerala,Type 2 (Tethered Connector) ,,,,
CUST0729,Abhishek Antony,Male,Edappalli,Kerala,CCS (Type 2),,,,
CUST0730,Swathi Antony,Female,Edappalli,Kerala,CCS (Type 2),,,,
CUST0731,Ajesh Antony,Male,Edappalli,Kerala,CCS (Type 2),,,,
CUST0732,Vaishnavi Antony,Female,Cochin,Kerala,CCS (Type 2),,,,
CUST0733,Anoop Antony,Male,Kochi,Kerala,Type 2 (Tethered Connector) ,,,,
CUST0734,Varsha Antony,Female,Moovattupuzha,Kerala,CCS (Type 2),,,,
CUST0735,Dhanesh Antony,Male,Munnar,Kerala,Type 2 (Tethered Connector) ,,,,
CUST0736,Veena Antony,Female,Arookutty,Kerala,Type 2 (Tethered Connector) ,,,,
CUST0737,Arun Paul,Male,Arookutty,Kerala,Type 2 (Tethered Connector) ,,,,
CUST0738,Anjali Paul,Female,Mararikulam,Kerala,Type 2 (Tethered Connector) ,,,,
CUST0739,Akhil Paul,Male,Alappuzha,Kerala,CCS (Type 2),,,,
CUST0740,Amritha Paul,Female,Kottayam,Kerala,CCS (Type 2),,,,
CUST0741,Anand Paul,Male,Kottayam,Kerala,CCS (Type 2),,,,
CUST0742,Aparna Paul,Female,Kumali,Kerala,Type 2 (Tethered Connector) ,,,,
CUST0743,Ajith Paul,Male,Kumali,Kerala,Type 2 (Tethered Connector) ,,,,
CUST0744,Archana Paul,Female,Mundakkayam,Kerala,CCS (Type 2),,,,
CUST0745,Amal Paul,Male,Changanassery,Kerala,CCS (Type 2),,,,
CUST0746,Athira Paul,Female,Mavelikkara,Kerala,CCS (Type 2),,,,
CUST0747,Adarsh Paul,Male,Pathanamthitta,Kerala,CCS (Type 2),,,,
CUST0748,Aishwarya Paul,Female,Adoor,Kerala,CCS (Type 2),,,,
CUST0749,Abhinav Paul,Male,Kollam,Kerala,CCS (Type 2),,,,
CUST0750,Anagha Paul,Female,Kollam,Kerala,CCS (Type 2),,,,
CUST0751,Anoop Paul,Male,Kollam,Kerala,Type 2 (Tethered Connector) ,,,,
CUST0752,Aswathy Paul,Female,Kollam,Kerala,CEE 3 Pin,,,,
CUST0753,Aswin Paul,Male,Kottiyam,Kerala,CCS (Type 2),,,,
CUST0754,Bhavana Paul,Female,Kottiyam,Kerala,CCS (Type 2),,,,
CUST0755,Basil Paul,Male,Ayoor,Kerala,CCS (Type 2),,,,
CUST0756,Devika Paul,Female,Parippilli,Kerala,CCS (Type 2),,,,
CUST0757,Biju Paul,Male,Kallambalam,Kerala,CCS (Type 2),,,,
CUST0758,Diya Paul,Female,KIlimamoor,Kerala,CCS (Type 2),,,,
CUST0759,Dileep Paul,Male,Attingal,Kerala,CCS (Type 2),,,,
CUST0760,Divya Paul,Female,Thiruvananthapuram ,Kerala,CCS (Type 2),,,,
CUST0761,Deepak Paul,Male,Thiruvananthapuram ,Kerala,CCS (Type 2),,,,
CUST0762,Fathima Paul,Female,Thiruvananthapuram ,Kerala,CEE 3 Pin,,,,
CUST0763,Faisal Paul,Male,Thiruvananthapuram ,Kerala,CCS (Type 2),,,,
CUST0764,Gauri Paul,Female,Thiruvananthapuram ,Kerala,CCS (Type 2),,,,
CUST0765,Gokul Paul,Male,Thiruvananthapuram ,Kerala,CCS (Type 2),,,,
CUST0766,Gayathri Paul,Female,Thiruvananthapuram ,Kerala,CEE 3 Pin,,,,
CUST0767,Hari Paul,Male,Thiruvananthapuram ,Kerala,Type 2 (Tethered Connector) ,,,,
CUST0768,Geethu Paul,Female,Thiruvananthapuram ,Kerala,Type 2 (Tethered Connector) ,,,,
CUST0769,Jithin Paul,Male,Thiruvananthapuram ,Kerala,CCS (Type 2),,,,
CUST0770,Hanna Paul,Female,Thiruvananthapuram ,Kerala,CEE 3 Pin,,,,
CUST0771,Joel Paul,Male,Thiruvananthapuram ,Kerala,CCS (Type 2),,,,
CUST0772,Haritha Paul,Female,Thiruvananthapuram ,Kerala,CCS (Type 2),,,,
CUST0773,Kiran Paul,Male,Thiruvananthapuram ,Kerala,CCS (Type 2),,,,
CUST0774,Isha Paul,Female,Thiruvananthapuram ,Kerala,CCS (Type 2),,,,
CUST0775,Krishna Paul,Male,Thiruvananthapuram ,Kerala,CCS (Type 2),,,,
CUST0776,Jasmin Paul,Female,Thiruvananthapuram ,Kerala,CCS (Type 2),,,,
CUST0777,Manu Paul,Male,Thiruvananthapuram ,Kerala,GB-T DC - GB/T 20234.3,,,,
CUST0778,Kavya Paul,Female,Thiruvananthapuram ,Kerala,CCS (Type 2),,,,
CUST0779,Midhun Paul,Male,Thiruvananthapuram ,Kerala,GB-T DC - GB/T 20234.3,,,,
CUST0780,Keerthana Paul,Female,Thiruvananthapuram ,Kerala,CCS (Type 2),,,,
CUST0781,Nikhil Paul,Male,Thiruvananthapuram ,Kerala,CCS (Type 2),,,,
CUST0782,Lekshmi Paul,Female,Thiruvananthapuram ,Kerala,CCS (Type 2),,,,
CUST0783,Nithin John,Male,Thiruvananthapuram ,Kerala,CCS (Type 2),,,,
CUST0784,Manju John,Female,Thiruvananthapuram ,Kerala,CCS (Type 2),,,,
CUST0785,Pranav John,Male,Thiruvananthapuram ,Kerala,CCS (Type 2),,,,
CUST0786,Meera John,Female,Thiruvananthapuram ,Kerala,CCS (Type 2),,,,
CUST0787,Rahul John,Male,Thiruvananthapuram ,Kerala,CCS (Type 2),,,,
CUST0788,Miya John,Female,Thiruvanthapuram,Kerala,CCS (Type 2),,,,
CUST0789,Rajesh John,Male,Thiruvanthapuram,Kerala,CCS (Type 2),,,,
CUST0790,Nandana John,Female,G B Nagar,Uttar Pradesh,CCS (Type 2),,,,
CUST0791,Rakesh John,Male,Dichpally,Telangana,CCS (Type 2),,,,
CUST0792,Navya John,Female,Dhule,Maharashtra,CCS (Type 2),,,,
CUST0793,Ranjith John,Male,Sangamner,Maharashtra,CCS (Type 2),,,,
CUST0794,Neha John,Female,Kalyani,West Bengal,CCS (Type 2),,,,
CUST0795,Ratheesh John,Male,Barrakpore,West Bengal,CCS (Type 2),,,,
CUST0796,Nimisha John,Female,Barrakpore,West Bengal,Unknown,,,,
CUST0797,Rohit John,Male,Khardaha,West Bengal,CCS (Type 2),,,,
CUST0798,Parvathy John,Female,Kolkata,West Bengal,CCS (Type 2),,,,
CUST0799,Sandeep John,Male,Delhi,Delhi,CCS (Type 2),,,,
CUST0800,Pooja John,Female,Danora,Madhya Pradesh,CCS (Type 2),,,,
CUST0801,Santhosh John,Male,Hinganghat,Maharashtra,CCS (Type 2),,,,
CUST0802,Priya John,Female,Miduthuru,Andhra Pradesh,CCS (Type 2),,,,
CUST0803,Shane John,Male,Miduthuru,Andhra Pradesh,CCS (Type 2),,,,
CUST0804,Radhika John,Female,Puttur,Karnataka,CCS (Type 2),,,,
CUST0805,Shyam John,Male,Puttur,Karnataka,Type 2 (Tethered Connector) ,,,,
CUST0806,Remya John,Female,"Madurathakam, Chengalpattu Dt",Tamil Nadu,Unknown,,,,
CUST0807,Sreejith John,Male,Gautaum Buddha Nagar ,uttar pradesh ,Unknown,,,,
CUST0808,Reshma John,Female,Gautaum Buddha Nagar ,uttar pradesh ,CCS (Type 2),,,,
CUST0809,Sreeram John,Male,Kunnamkulam ,Kerala,CCS (Type 2),,,,
CUST0810,Riya John,Female,Chennai,Tamil Nadu,CCS (Type 2),,,,
CUST0811,Sujith John,Male,Thiruttani,Tamil Nadu,CCS (Type 2),,,,
CUST0812,Saniya John,Female,Vellore,Tamil Nadu,CCS (Type 2),,,,
CUST0813,Suresh John,Male,Vellore,Tamil Nadu,CCS (Type 2),,,,
CUST0814,Shalini John,Female,Vaniyambadi,Tamil Nadu,CCS (Type 2),,,,
CUST0815,Vishnu John,Male,Vaniyambadi,Tamil Nadu,CCS (Type 2),,,,
CUST0816,Shreya John,Female,Ulundurpet,Tamil Nadu,CCS (Type 2),,,,
CUST0817,Vivek John,Male,Veppur,Tamil Nadu,CCS (Type 2),,,,
CUST0818,Sneha John,Female,Kallakurichi,Tamil Nadu,CCS (Type 2),,,,
CUST0819,Vijay John,Male,Attur,Tamil Nadu,CCS (Type 2),,,,
CUST0820,Sreelakshmi John,Female,Attur,Tamil Nadu,CCS (Type 2),,,,
CUST0821,Abhishek John,Male,Perambalur,Tamil Nadu,CCS (Type 2),,,,
CUST0822,Swathi John,Female,Perambalur,Tamil Nadu,CCS (Type 2),,,,
CUST0823,Ajesh John,Male,Karaikal,Puducherry,CCS (Type 2),,,,
CUST0824,Vaishnavi John,Female,Velankanni,Tamil Nadu,Type 2 (Tethered Connector) ,,,,
CUST0825,Anoop John,Male,Velankanni,Tamil Nadu,CCS (Type 2),,,,
CUST0826,Varsha John,Female,Thanjavur,Tamil Nadu,CCS (Type 2),,,,
CUST0827,Dhanesh John,Male,Tiruchirappalli,Tamil Nadu,CCS (Type 2),,,,
CUST0828,Veena John,Female,Tiruchirappalli,Tamil Nadu,CCS (Type 2),,,,
CUST0829,Arun Sebastian,Male,Viralimalai,Tamil Nadu,CCS (Type 2),,,,
CUST0830,Anjali Sebastian,Female,Piratiyur,Tamil Nadu,CCS (Type 2),,,,
CUST0831,Akhil Sebastian,Male,Karaikudi,Tamil Nadu,CCS (Type 2),,,,
CUST0832,Amritha Sebastian,Female,Thoothukudi,Tamil Nadu,Type 2 (Tethered Connector) ,,,,
CUST0833,Anand Sebastian,Male,Thoothukudi,Tamil Nadu,CCS (Type 2),,,,
CUST0834,Aparna Sebastian,Female,Veerapandianpattinam,Tamil Nadu,CCS (Type 2),,,,
CUST0835,Ajith Sebastian,Male,Sangagiri,Tamil Nadu,CCS (Type 2),,,,
CUST0836,Archana Sebastian,Female,Sangagiri,Tamil Nadu,CCS (Type 2),,,,
CUST0837,Amal Sebastian,Male,Erode,Tamil Nadu ,CCS (Type 2),,,,
CUST0838,Athira Sebastian,Female,Erode,Tamil Nadu,IEC 60309 3-pin,,,,
CUST0839,Adarsh Sebastian,Male,Erode,Tamil Nadu,CCS (Type 2),,,,
CUST0840,Aishwarya Sebastian,Female,Erode,Tamil Nadu,Type 2 (Tethered Connector) ,,,,
CUST0841,Abhinav Sebastian,Male,Erode,Tamil Nadu,CCS (Type 2),,,,
CUST0842,Anagha Sebastian,Female,Erode,Tamil Nadu,CCS (Type 2),,,,
CUST0843,Anoop Sebastian,Male,Perundurai,Tamil Nadu,CCS (Type 2),,,,
CUST0844,Aswathy Sebastian,Female,Perundurai,Tamil Nadu,IEC 60309 3-pin,,,,
CUST0845,Aswin Sebastian,Male,Avinashi,Tamil Nadu,CCS (Type 2),,,,
CUST0846,Bhavana Sebastian,Female,Avinashi,Tamil Nadu,CCS (Type 2),,,,
CUST0847,Basil Sebastian,Male,Avinashi,Tamil Nadu,CCS (Type 2),,,,
CUST0848,Devika Sebastian,Female,Avinashi,Tamil Nadu,CCS (Type 2),,,,
CUST0849,Biju Sebastian,Male,Pollachi,Tamil Nadu,Type 2 (Tethered Connector) ,,,,
CUST0850,Diya Sebastian,Female,Walayar,Kerala ,CCS (Type 2),,,,
CUST0851,Dileep Sebastian,Male,Navakkarai,Tamil Nadu,CCS (Type 2),,,,
CUST0852,Divya Sebastian,Female,Navakkarai,Tamil Nadu,CCS (Type 2),,,,
CUST0853,Deepak Sebastian,Male,Anaikatti,Tamil Nadu ,Type 2 (Tethered Connector) ,,,,
CUST0854,Fathima Sebastian,Female,Anaikatti,Tamil Nadu ,Type 2 (Tethered Connector) ,,,,
CUST0855,Faisal Sebastian,Male,Coimbatore,Tamil Nadu,CCS (Type 2),,,,
